Average_Reward,SEM_Reward,Optimal_Action_Percentage
-2.613513947261624989e-02,1.066379732551488158e-01,8.500000000000000000e+00
1.766601283683621737e-01,9.718285893984490720e-02,1.050000000000000000e+01
3.849652307477184898e-01,8.408982993461650013e-02,1.500000000000000000e+01
5.437079412599992168e-01,9.234873969530668636e-02,1.700000000000000000e+01
6.097186934249156920e-01,9.161333317841663382e-02,1.900000000000000000e+01
7.316929956874389518e-01,9.184239194398143014e-02,1.850000000000000000e+01
6.906817955692305944e-01,9.507638685956512625e-02,2.200000000000000000e+01
7.999469220913002498e-01,8.199384919976401842e-02,2.150000000000000000e+01
7.570497733606746937e-01,8.319456235008283740e-02,2.250000000000000000e+01
6.823069169239330822e-01,9.109483146566808853e-02,2.250000000000000000e+01
8.824912518370957581e-01,8.457294517233346354e-02,2.250000000000000000e+01
8.093449111337999158e-01,8.728032029706646322e-02,2.350000000000000000e+01
8.096934186270672296e-01,8.692833698087867877e-02,2.450000000000000000e+01
7.892069837193350645e-01,7.553398301759833844e-02,2.500000000000000000e+01
8.845096390203290859e-01,8.140261626814013218e-02,2.500000000000000000e+01
7.855443569679551041e-01,8.679002515524981975e-02,2.500000000000000000e+01
9.756806760749522356e-01,8.144185589017957638e-02,2.500000000000000000e+01
8.483088756784877837e-01,8.023432159859274215e-02,2.550000000000000000e+01
9.589329311985957949e-01,7.968616122641319910e-02,2.600000000000000000e+01
9.057309733280400899e-01,8.607392213818698679e-02,2.650000000000000000e+01
9.108346752442397776e-01,8.068496363261866422e-02,2.650000000000000000e+01
1.010661784444758293e+00,8.324710623465442216e-02,2.650000000000000000e+01
1.063148367672877681e+00,8.664671080061508990e-02,2.650000000000000000e+01
8.576050948769430304e-01,8.197997419201223657e-02,2.700000000000000000e+01
9.056581697801643349e-01,8.347734842971474278e-02,2.700000000000000000e+01
9.989441431072156874e-01,8.049335106491496694e-02,2.800000000000000355e+01
9.120418131155048069e-01,8.267734604998536185e-02,2.750000000000000355e+01
1.002525988925175415e+00,7.510134977403977452e-02,2.750000000000000355e+01
9.285235684785214660e-01,8.463069382927615458e-02,2.750000000000000355e+01
9.567799415436190058e-01,8.346912478930128276e-02,2.750000000000000355e+01
9.742117312531212159e-01,8.692374337975307397e-02,2.750000000000000355e+01
1.021791912143474645e+00,8.242466389936176085e-02,2.750000000000000355e+01
9.846970951557891816e-01,8.572045893274117534e-02,2.750000000000000355e+01
7.532562562945450679e-01,8.251502712454308885e-02,2.750000000000000355e+01
1.025194889311491053e+00,7.452752458529475488e-02,2.750000000000000355e+01
9.991969542937472193e-01,8.475651562705356634e-02,2.750000000000000355e+01
9.545677344043715928e-01,8.552483169794490581e-02,2.750000000000000355e+01
9.660075835513149967e-01,8.786159209209047638e-02,2.800000000000000355e+01
8.963950474458646234e-01,8.108771516383714295e-02,2.800000000000000355e+01
9.404087277830319724e-01,7.752882662538805592e-02,2.800000000000000355e+01
9.146382442358982345e-01,7.714983088729253369e-02,2.800000000000000355e+01
7.919086488725028961e-01,8.458281601291622875e-02,2.800000000000000355e+01
8.593354139713902384e-01,8.116047977638941868e-02,2.800000000000000355e+01
8.150074048956270634e-01,9.196075470230972992e-02,2.800000000000000355e+01
9.812710748230830671e-01,8.697548100550497874e-02,2.800000000000000355e+01
9.565934649806513423e-01,8.226991410626860457e-02,2.800000000000000355e+01
8.939308231995315435e-01,8.048765927966672340e-02,2.800000000000000355e+01
9.194604944898614463e-01,8.303779828866507395e-02,2.800000000000000355e+01
1.039467195796841548e+00,8.470268957106162622e-02,2.800000000000000355e+01
1.022984069857846734e+00,8.007838617427626149e-02,2.800000000000000355e+01
1.063540990611698156e+00,8.847033458745061363e-02,2.800000000000000355e+01
9.926908247829762111e-01,7.811083946658137211e-02,2.800000000000000355e+01
9.162391681937315235e-01,8.675804687366671375e-02,2.800000000000000355e+01
9.052631641355932679e-01,7.818042461081355088e-02,2.800000000000000355e+01
9.649899093314737719e-01,7.806262496154357799e-02,2.800000000000000355e+01
1.056748159335277437e+00,7.964161468087527229e-02,2.800000000000000355e+01
9.293785397105540635e-01,8.307446829591964843e-02,2.800000000000000355e+01
9.417293755001771016e-01,8.401369154368379388e-02,2.800000000000000355e+01
8.412529423669290463e-01,8.619923764856302073e-02,2.800000000000000355e+01
9.075733510537030702e-01,7.550728352749638828e-02,2.800000000000000355e+01
8.668669240271085208e-01,8.343818214175847958e-02,2.800000000000000355e+01
9.885365483734231962e-01,7.973313184733686609e-02,2.800000000000000355e+01
9.133228244575959387e-01,7.335349877679057939e-02,2.800000000000000355e+01
8.080165172114832650e-01,7.770423656896920106e-02,2.800000000000000355e+01
8.818230581594108664e-01,8.079881940199570844e-02,2.800000000000000355e+01
9.508691108478944942e-01,8.574662053448670052e-02,2.800000000000000355e+01
9.629535129738208132e-01,8.415520178161363385e-02,2.800000000000000355e+01
7.959080736368723263e-01,8.842394686189165853e-02,2.800000000000000355e+01
9.674341273372851768e-01,7.935545873595534205e-02,2.800000000000000355e+01
8.513473129212171253e-01,8.009207271261566119e-02,2.800000000000000355e+01
7.973042035017821050e-01,8.424585574963491807e-02,2.800000000000000355e+01
8.483735028489844954e-01,8.466552265928316279e-02,2.800000000000000355e+01
8.413360476862894455e-01,7.992155772403153335e-02,2.800000000000000355e+01
8.355825532345849682e-01,7.315825203262778242e-02,2.800000000000000355e+01
9.386056398771728260e-01,8.202142458212405285e-02,2.800000000000000355e+01
9.707009828390101847e-01,8.212540116882728614e-02,2.800000000000000355e+01
9.054333407875762019e-01,7.829883754172470289e-02,2.800000000000000355e+01
9.951948739810803080e-01,7.998017281647622212e-02,2.800000000000000355e+01
1.000636450471641403e+00,8.480717871038959133e-02,2.800000000000000355e+01
1.036474027133492681e+00,8.056701784849518155e-02,2.800000000000000355e+01
9.975008492801883397e-01,8.339589865540422697e-02,2.800000000000000355e+01
1.080117559887192158e+00,8.329921075475726910e-02,2.800000000000000355e+01
1.016379831464507388e+00,8.364259266545315263e-02,2.800000000000000355e+01
9.173265887071520019e-01,8.106527528870302590e-02,2.800000000000000355e+01
8.935255861003319477e-01,8.314891974308336042e-02,2.800000000000000355e+01
9.779436768248760403e-01,8.380899377504810732e-02,2.800000000000000355e+01
8.783509487223075674e-01,8.277815103458506518e-02,2.800000000000000355e+01
9.788750701559790768e-01,7.780686832426035593e-02,2.800000000000000355e+01
1.025863835576596550e+00,7.970055250821606041e-02,2.800000000000000355e+01
9.167964197334582677e-01,7.673194559121279679e-02,2.800000000000000355e+01
9.696884904251905635e-01,8.143381982069609892e-02,2.800000000000000355e+01
9.636854619619283913e-01,7.895501104566972350e-02,2.800000000000000355e+01
9.733544685095825155e-01,7.698923602799276344e-02,2.800000000000000355e+01
9.400697561287997273e-01,7.833674631083048512e-02,2.800000000000000355e+01
9.839114985004451253e-01,8.413650837314085029e-02,2.800000000000000355e+01
1.015732535043249563e+00,8.152094319090484598e-02,2.800000000000000355e+01
9.958702154858863898e-01,8.102387582752473838e-02,2.800000000000000355e+01
8.727900652257220004e-01,7.875157874385017853e-02,2.800000000000000355e+01
9.277457895674352528e-01,8.090850918024537763e-02,2.800000000000000355e+01
9.431563407015610689e-01,8.175448712932152640e-02,2.800000000000000355e+01
8.458025223083125432e-01,8.364623109552128677e-02,2.800000000000000355e+01
9.994769977457435006e-01,7.657182600114594007e-02,2.849999999999999645e+01
1.078403471101859301e+00,7.453459980115494099e-02,2.849999999999999645e+01
9.167999730922713475e-01,8.499945444740951428e-02,2.849999999999999645e+01
9.635048332685147709e-01,8.310568083175616516e-02,2.849999999999999645e+01
9.425188796710217698e-01,8.076852630388717258e-02,2.800000000000000355e+01
9.663422671351296067e-01,7.608277833981559601e-02,2.800000000000000355e+01
8.084754121077672995e-01,8.119157225675298351e-02,2.800000000000000355e+01
9.591988233472135139e-01,8.346432277553260393e-02,2.800000000000000355e+01
9.249216363417751552e-01,8.684551433589662861e-02,2.800000000000000355e+01
9.008649164934628972e-01,8.190558364121869328e-02,2.800000000000000355e+01
9.423594106184196573e-01,9.088277612518097515e-02,2.800000000000000355e+01
9.787697506636695577e-01,7.455464885911534945e-02,2.800000000000000355e+01
1.019951001177109129e+00,7.438992008729868044e-02,2.800000000000000355e+01
1.167105253642059415e+00,8.341047855219239915e-02,2.800000000000000355e+01
8.675240007722939684e-01,8.333061097506713755e-02,2.800000000000000355e+01
1.138774494728406417e+00,7.665575401488844420e-02,2.800000000000000355e+01
9.163925388516657167e-01,7.705927125531014665e-02,2.800000000000000355e+01
1.016424992309813202e+00,7.747662431709725905e-02,2.800000000000000355e+01
9.656539278261577763e-01,8.509361828767783575e-02,2.800000000000000355e+01
8.870564480645029004e-01,7.396978437926723937e-02,2.800000000000000355e+01
1.018782516562766416e+00,8.584286338255260607e-02,2.800000000000000355e+01
1.091336657014259304e+00,8.766002441991195548e-02,2.800000000000000355e+01
9.697510646557853109e-01,8.018272073295480695e-02,2.800000000000000355e+01
1.001476965211624659e+00,7.824386858683181345e-02,2.800000000000000355e+01
9.668385439363759160e-01,8.300710488153584254e-02,2.800000000000000355e+01
9.670272408976953171e-01,8.165032477186816295e-02,2.800000000000000355e+01
1.023828465199609683e+00,8.961963928254683409e-02,2.800000000000000355e+01
9.228367578598306586e-01,8.249448272611333011e-02,2.800000000000000355e+01
9.884689419729244531e-01,8.689701527689015770e-02,2.800000000000000355e+01
9.394836951833285266e-01,7.602323860779842957e-02,2.800000000000000355e+01
1.001245253397402557e+00,8.086446209641738603e-02,2.800000000000000355e+01
1.058684676528819146e+00,7.902204529942073730e-02,2.800000000000000355e+01
9.741563053412315432e-01,7.966266607027440438e-02,2.800000000000000355e+01
9.951551134972268509e-01,7.636401503837507432e-02,2.800000000000000355e+01
8.552166192546991619e-01,7.652019777067822770e-02,2.800000000000000355e+01
1.137648629504854014e+00,8.493554447144802122e-02,2.800000000000000355e+01
9.216087372525498811e-01,8.390537246307697150e-02,2.800000000000000355e+01
8.747425339961327762e-01,8.374272969797603994e-02,2.800000000000000355e+01
9.217257691543976339e-01,8.242526703192941395e-02,2.800000000000000355e+01
9.853760577811216947e-01,7.872246653649307702e-02,2.800000000000000355e+01
8.994144731542890181e-01,7.971607208105074838e-02,2.800000000000000355e+01
1.046611393604734097e+00,8.127649546015869308e-02,2.800000000000000355e+01
8.927778583493717335e-01,8.666519864781505045e-02,2.800000000000000355e+01
1.045850318196760664e+00,7.856395472796666446e-02,2.800000000000000355e+01
8.917739631951775436e-01,8.314416402413971063e-02,2.800000000000000355e+01
8.357270617664489532e-01,8.212194378335091471e-02,2.800000000000000355e+01
1.184011518731318047e+00,7.871914594824229450e-02,2.800000000000000355e+01
7.971769562067814174e-01,9.430789367884291619e-02,2.800000000000000355e+01
8.593747152586894700e-01,8.582638459501100436e-02,2.800000000000000355e+01
1.027917975926015970e+00,7.852955668492976604e-02,2.800000000000000355e+01
9.308475395411996978e-01,8.216044247114670518e-02,2.800000000000000355e+01
1.021228115131380676e+00,8.014609400119461491e-02,2.800000000000000355e+01
9.747527416526348132e-01,8.421096575006493945e-02,2.800000000000000355e+01
1.006729743547670308e+00,7.120616057649784003e-02,2.800000000000000355e+01
9.202568422391681491e-01,8.655834216856762853e-02,2.800000000000000355e+01
1.108604042183700900e+00,9.310472238527024713e-02,2.800000000000000355e+01
1.079465571104783583e+00,7.721578989955656114e-02,2.800000000000000355e+01
9.317100254724809405e-01,8.140255985972304209e-02,2.800000000000000355e+01
1.035598917507319694e+00,8.199584181315387743e-02,2.800000000000000355e+01
8.685611783926197038e-01,8.485460499520434963e-02,2.800000000000000355e+01
1.013881033304078860e+00,7.884520013183267395e-02,2.849999999999999645e+01
9.273509834592721379e-01,7.738965709756372158e-02,2.849999999999999645e+01
8.945290096052318507e-01,7.273020944641790664e-02,2.849999999999999645e+01
8.986805839596871959e-01,8.730792560926468882e-02,2.849999999999999645e+01
9.486460240578857839e-01,7.816163551019816857e-02,2.849999999999999645e+01
7.561532399272704597e-01,9.168767192948178157e-02,2.849999999999999645e+01
9.557238027398341496e-01,7.689397331545383407e-02,2.849999999999999645e+01
9.834027533570212087e-01,8.051442479601134128e-02,2.849999999999999645e+01
1.002321874869834151e+00,8.566422906914920865e-02,2.849999999999999645e+01
8.600860580414392276e-01,7.680443204864928486e-02,2.849999999999999645e+01
1.043911505070544976e+00,7.741450906197817894e-02,2.849999999999999645e+01
1.004230241828332426e+00,8.313335643114128093e-02,2.849999999999999645e+01
1.022625899009797390e+00,7.516128640181318765e-02,2.849999999999999645e+01
8.966479424240053619e-01,8.006209232358965644e-02,2.849999999999999645e+01
1.014819809601848366e+00,8.560346231254263583e-02,2.849999999999999645e+01
1.099369624252622302e+00,8.254119919944256922e-02,2.849999999999999645e+01
9.954690352092893102e-01,8.538814779248526943e-02,2.849999999999999645e+01
1.002595662812804100e+00,8.527138145791375579e-02,2.849999999999999645e+01
9.224354960735438036e-01,7.754404068532366745e-02,2.849999999999999645e+01
1.002732595125792159e+00,7.416959216917271003e-02,2.849999999999999645e+01
9.271128593713879873e-01,8.461599007437770048e-02,2.849999999999999645e+01
8.963724489156789099e-01,8.082466727421788732e-02,2.849999999999999645e+01
1.066149508102255172e+00,8.029305841123550447e-02,2.849999999999999645e+01
1.040111793422979103e+00,7.836799607689337588e-02,2.849999999999999645e+01
9.420528616608498940e-01,8.359322609852017083e-02,2.849999999999999645e+01
1.125053514662618603e+00,8.114139215568247354e-02,2.849999999999999645e+01
9.278413080892401466e-01,8.592506923166601251e-02,2.849999999999999645e+01
1.073191568350351455e+00,8.063262771431868592e-02,2.849999999999999645e+01
1.065222487747077507e+00,7.752342239656927203e-02,2.849999999999999645e+01
9.949269514321233965e-01,7.881209389015972344e-02,2.849999999999999645e+01
8.904782300456587363e-01,7.914283385418310890e-02,2.849999999999999645e+01
9.353598832617023850e-01,8.343038209840285269e-02,2.849999999999999645e+01
7.876833961222456937e-01,8.119259734978027943e-02,2.849999999999999645e+01
8.609321622929368978e-01,8.152004197484463699e-02,2.849999999999999645e+01
9.479167822292160483e-01,7.672511848863391992e-02,2.849999999999999645e+01
1.078671382097970977e+00,7.326308637420354819e-02,2.849999999999999645e+01
9.990386193534152026e-01,8.052757038281653512e-02,2.849999999999999645e+01
9.829159120977076780e-01,8.428350319679672742e-02,2.849999999999999645e+01
8.527184259999627258e-01,8.448219132093062744e-02,2.849999999999999645e+01
1.025033717772546815e+00,7.690038579890098869e-02,2.849999999999999645e+01
1.050878881642625329e+00,8.486544695973423369e-02,2.849999999999999645e+01
9.091066042226774169e-01,8.239968306282346999e-02,2.849999999999999645e+01
9.938200225796766096e-01,8.227255566129296205e-02,2.849999999999999645e+01
9.643671751390676672e-01,8.141666361676287711e-02,2.849999999999999645e+01
9.946450925105474461e-01,8.411868399852555356e-02,2.849999999999999645e+01
9.397671222972473482e-01,8.834063114576830300e-02,2.849999999999999645e+01
9.342100664619760186e-01,8.381712506335120549e-02,2.849999999999999645e+01
1.071582727204298369e+00,8.293598006701861924e-02,2.849999999999999645e+01
9.327995040979213393e-01,7.834623689462708040e-02,2.849999999999999645e+01
1.055268484337118728e+00,8.412128664551374313e-02,2.849999999999999645e+01
1.080287081999413035e+00,7.440629747400004379e-02,2.849999999999999645e+01
1.005002409670738395e+00,7.841845819084623803e-02,2.849999999999999645e+01
9.963952363571756399e-01,7.574570465989698131e-02,2.849999999999999645e+01
9.016473637233857197e-01,7.550813220553551086e-02,2.849999999999999645e+01
9.756672509152121142e-01,8.201830065105958356e-02,2.849999999999999645e+01
9.103670187452199691e-01,7.761307827661376169e-02,2.849999999999999645e+01
8.886200836037727591e-01,8.360891363181813252e-02,2.849999999999999645e+01
9.189068795433132930e-01,8.241869897481586549e-02,2.849999999999999645e+01
9.570205487477838613e-01,7.913633097415981310e-02,2.849999999999999645e+01
9.134940281073293811e-01,8.198599408384682485e-02,2.849999999999999645e+01
9.734387579447989491e-01,8.026565620450383520e-02,2.849999999999999645e+01
9.962601607825497529e-01,7.627510493481755305e-02,2.849999999999999645e+01
9.042075471392017061e-01,7.837349775138799379e-02,2.849999999999999645e+01
8.731994953403849902e-01,7.488375340950693959e-02,2.849999999999999645e+01
8.723312821323774280e-01,8.236471524964748825e-02,2.849999999999999645e+01
9.852915292564388139e-01,8.150341345820641403e-02,2.849999999999999645e+01
1.054369389560560588e+00,7.977683840884762512e-02,2.849999999999999645e+01
1.014514553103818661e+00,8.059847592732508059e-02,2.849999999999999645e+01
1.025660669209846443e+00,7.819240397060225889e-02,2.849999999999999645e+01
9.506833441113762273e-01,8.301695707015864512e-02,2.849999999999999645e+01
9.882784788492081640e-01,8.123622361215754317e-02,2.849999999999999645e+01
9.136134295275556427e-01,8.152991633670580995e-02,2.849999999999999645e+01
1.039453079784538048e+00,7.523535567119121747e-02,2.849999999999999645e+01
9.508365446899336160e-01,7.464437400162790559e-02,2.849999999999999645e+01
9.759635742284592519e-01,8.185124051328111772e-02,2.849999999999999645e+01
1.038288412090990986e+00,8.145950823066896995e-02,2.849999999999999645e+01
1.034827086568409049e+00,7.567219316674832219e-02,2.849999999999999645e+01
9.762861811630049180e-01,7.462243412382602026e-02,2.849999999999999645e+01
1.082542692340250134e+00,8.229164104735146867e-02,2.849999999999999645e+01
8.975662410237490452e-01,8.290939929638098393e-02,2.849999999999999645e+01
9.709599895467667663e-01,7.499748928622236577e-02,2.849999999999999645e+01
8.568009323797162180e-01,8.113310692857625406e-02,2.849999999999999645e+01
8.218363516352553688e-01,8.020488940317098414e-02,2.849999999999999645e+01
1.049782950373564505e+00,8.045823444797566004e-02,2.849999999999999645e+01
8.829478985943365332e-01,8.317656956264157797e-02,2.849999999999999645e+01
9.305612911008310784e-01,8.539262462032570777e-02,2.849999999999999645e+01
9.124439102536021640e-01,7.645599952810716582e-02,2.849999999999999645e+01
9.067350917243787167e-01,8.281124657397744004e-02,2.849999999999999645e+01
9.832572121603678772e-01,8.135912427282071535e-02,2.849999999999999645e+01
7.925464748969502926e-01,8.456391406881394457e-02,2.849999999999999645e+01
9.046317590708489176e-01,8.250230015762172187e-02,2.849999999999999645e+01
9.915946977251938188e-01,8.680108391812335622e-02,2.849999999999999645e+01
1.035969640730186825e+00,8.044700571393829935e-02,2.849999999999999645e+01
9.236041728074324553e-01,7.554821285362003924e-02,2.849999999999999645e+01
1.001364851278817358e+00,7.786232786135965922e-02,2.849999999999999645e+01
7.952033816091577112e-01,7.434708234340761668e-02,2.849999999999999645e+01
9.773225814497200625e-01,8.788191062902887818e-02,2.849999999999999645e+01
8.601126060528240247e-01,8.384563014180944351e-02,2.849999999999999645e+01
8.962541236556511581e-01,7.652038873288929954e-02,2.849999999999999645e+01
9.824983690591452268e-01,8.505351770462842020e-02,2.849999999999999645e+01
1.077280691137761703e+00,7.958580803956434579e-02,2.849999999999999645e+01
9.891476531550031925e-01,8.357420144868689393e-02,2.849999999999999645e+01
9.813301947908137368e-01,8.513324093183785579e-02,2.849999999999999645e+01
1.048434241591642113e+00,7.419315102979059939e-02,2.849999999999999645e+01
9.128950112116852589e-01,7.650139863522875672e-02,2.849999999999999645e+01
1.022857612190789078e+00,8.412290562801545690e-02,2.849999999999999645e+01
9.642083423869708403e-01,8.542703811507096345e-02,2.849999999999999645e+01
1.050665695388612209e+00,7.976512859513802678e-02,2.849999999999999645e+01
9.509579716474364508e-01,8.170672387799356173e-02,2.849999999999999645e+01
9.874179175476830439e-01,8.160223010630478224e-02,2.849999999999999645e+01
9.935503725310576018e-01,7.871189268247438808e-02,2.849999999999999645e+01
1.006284770619400248e+00,7.941938835568801425e-02,2.849999999999999645e+01
9.607142566725641597e-01,8.244756516124739087e-02,2.849999999999999645e+01
9.777060262108585587e-01,7.849490434129287320e-02,2.849999999999999645e+01
1.080045508085689665e+00,8.213124087678283503e-02,2.849999999999999645e+01
9.884305947518544633e-01,8.156037010982850055e-02,2.849999999999999645e+01
8.193993040547886686e-01,7.844225966510402770e-02,2.849999999999999645e+01
1.106870216853174549e+00,8.291785672958199016e-02,2.849999999999999645e+01
9.384256196471395528e-01,7.516713625458659731e-02,2.849999999999999645e+01
1.072487637606027056e+00,7.599317073462387440e-02,2.849999999999999645e+01
9.322301552167653327e-01,8.426893021649756177e-02,2.849999999999999645e+01
9.167146665042920084e-01,7.803104442195164803e-02,2.849999999999999645e+01
1.092268726286758973e+00,8.181687660776672255e-02,2.849999999999999645e+01
9.784720640897637267e-01,7.936600224118549318e-02,2.849999999999999645e+01
9.781300128791633464e-01,7.809362612856171615e-02,2.849999999999999645e+01
9.332193699825621636e-01,8.574104203291153803e-02,2.849999999999999645e+01
8.969375470217393342e-01,8.527021587512985390e-02,2.849999999999999645e+01
9.622211579318872277e-01,8.285305021646355295e-02,2.849999999999999645e+01
8.793339781603628502e-01,8.141070818644972895e-02,2.849999999999999645e+01
8.477863789699356944e-01,8.109984497814681781e-02,2.849999999999999645e+01
9.035801784755145283e-01,7.909319480621240794e-02,2.849999999999999645e+01
9.378842245055500904e-01,8.667508395334047600e-02,2.849999999999999645e+01
9.773213955049484536e-01,8.686335239095623051e-02,2.849999999999999645e+01
9.689313020796781473e-01,8.390401159102896245e-02,2.849999999999999645e+01
1.049600392133236859e+00,7.847308811824360575e-02,2.849999999999999645e+01
9.112807208165518702e-01,7.381047226073705891e-02,2.849999999999999645e+01
8.704835139346740469e-01,7.605192771944767338e-02,2.849999999999999645e+01
1.008061127398981460e+00,8.049451648785044267e-02,2.849999999999999645e+01
9.404451853543652762e-01,7.848405827672191859e-02,2.849999999999999645e+01
8.871188267875467215e-01,8.588038457815275195e-02,2.849999999999999645e+01
8.387512235020679885e-01,7.973133979619984046e-02,2.849999999999999645e+01
7.615542422377008513e-01,7.934487165030218447e-02,2.849999999999999645e+01
1.088822655991874555e+00,8.042617326533754718e-02,2.849999999999999645e+01
9.514298905757030411e-01,9.020758742931227203e-02,2.849999999999999645e+01
9.758946028458218569e-01,8.641353044752703161e-02,2.849999999999999645e+01
8.954568115305376885e-01,7.773122922482968156e-02,2.849999999999999645e+01
1.004774747086982556e+00,8.525234286329645694e-02,2.849999999999999645e+01
9.523697909081215718e-01,8.316167454289527528e-02,2.849999999999999645e+01
8.482879941249917843e-01,8.386047011651538707e-02,2.849999999999999645e+01
9.306503329894993959e-01,7.573808367584383694e-02,2.849999999999999645e+01
9.845933524205777720e-01,7.932560605087861372e-02,2.849999999999999645e+01
8.839450857043773535e-01,7.837563996756925777e-02,2.849999999999999645e+01
9.155736847801435596e-01,8.001484269687320072e-02,2.849999999999999645e+01
9.027668425879827874e-01,8.099477391720927288e-02,2.849999999999999645e+01
9.668618243517060895e-01,8.463067096864473893e-02,2.849999999999999645e+01
8.752307222161487266e-01,8.439481807122380108e-02,2.849999999999999645e+01
9.253154869372036684e-01,7.880279193489124478e-02,2.849999999999999645e+01
9.257181815625682431e-01,7.633386888477131094e-02,2.849999999999999645e+01
9.269678370578526838e-01,8.573211575042762045e-02,2.849999999999999645e+01
9.225198420060969351e-01,8.245102616887371727e-02,2.849999999999999645e+01
1.043285446586132981e+00,8.105659370883989967e-02,2.849999999999999645e+01
9.019814026686943098e-01,7.962204850889220697e-02,2.849999999999999645e+01
8.972809192995032657e-01,8.647193307226383463e-02,2.849999999999999645e+01
9.188972809985287427e-01,7.987363721645708570e-02,2.849999999999999645e+01
9.505258664466822438e-01,8.644988590368445081e-02,2.849999999999999645e+01
9.374068133136659320e-01,8.121459026293165184e-02,2.849999999999999645e+01
1.028649917080983078e+00,8.384106640599200966e-02,2.849999999999999645e+01
1.075650391881402657e+00,7.717438585965319398e-02,2.849999999999999645e+01
9.185297381398546124e-01,7.954337946420596273e-02,2.849999999999999645e+01
9.852691108765241346e-01,8.326867950425553833e-02,2.849999999999999645e+01
1.051026004297340055e+00,8.431283716031627573e-02,2.849999999999999645e+01
1.010108458052137559e+00,7.888479279817435519e-02,2.849999999999999645e+01
9.525285904183807828e-01,8.003518923480491820e-02,2.849999999999999645e+01
1.072753639498449374e+00,8.505783417713906613e-02,2.849999999999999645e+01
1.006342744907620768e+00,8.029825633877100965e-02,2.849999999999999645e+01
9.845205889130574928e-01,8.252513599749874973e-02,2.849999999999999645e+01
8.641830273999299150e-01,8.144373684386370382e-02,2.849999999999999645e+01
9.183455963150570778e-01,8.157021981916938447e-02,2.849999999999999645e+01
1.013934546247917901e+00,8.271792350559230289e-02,2.849999999999999645e+01
9.195762876138633413e-01,8.306791596745895234e-02,2.849999999999999645e+01
9.873244522895486819e-01,9.175263333097535834e-02,2.849999999999999645e+01
1.057353909988260732e+00,7.718183401421753465e-02,2.849999999999999645e+01
8.266046890228372357e-01,8.263131408591592453e-02,2.849999999999999645e+01
9.241927069344452184e-01,8.172368000682070366e-02,2.849999999999999645e+01
9.305239954892483567e-01,7.558138011603894590e-02,2.849999999999999645e+01
1.042732947060487136e+00,7.821457119558844484e-02,2.849999999999999645e+01
9.342064703995114350e-01,7.974345896936238520e-02,2.849999999999999645e+01
9.017170665165540333e-01,8.439675648149046194e-02,2.849999999999999645e+01
9.430209729801383167e-01,7.985688044303043687e-02,2.849999999999999645e+01
1.035312515248619336e+00,8.463929550893531384e-02,2.849999999999999645e+01
1.051341553629278058e+00,8.799473967263819751e-02,2.849999999999999645e+01
8.856797685935908770e-01,7.779468173650952445e-02,2.849999999999999645e+01
9.542152262109696581e-01,8.751029199552468052e-02,2.849999999999999645e+01
9.418617540599718563e-01,8.426937875530074451e-02,2.849999999999999645e+01
9.912401759770534948e-01,8.000772534460791341e-02,2.849999999999999645e+01
1.077389029002557619e+00,7.296996969191900384e-02,2.849999999999999645e+01
9.533235432952372745e-01,7.259469855421998852e-02,2.849999999999999645e+01
7.920341867762666910e-01,8.323628680973821359e-02,2.849999999999999645e+01
9.700118401506272470e-01,8.215103535633563880e-02,2.849999999999999645e+01
8.805235649185239044e-01,8.040895589630987772e-02,2.849999999999999645e+01
1.010756688147189442e+00,8.431154629952970769e-02,2.849999999999999645e+01
1.011900031142238365e+00,8.206100693665398238e-02,2.849999999999999645e+01
9.577156259062323818e-01,7.444114894034195573e-02,2.849999999999999645e+01
9.727160330886810424e-01,8.616466627534921652e-02,2.849999999999999645e+01
9.428201029806934086e-01,8.607259400498326607e-02,2.849999999999999645e+01
9.832719736566244428e-01,8.257010977158353582e-02,2.849999999999999645e+01
1.040974711784958151e+00,8.115259385742029652e-02,2.849999999999999645e+01
1.021140449984022869e+00,8.129391417830443556e-02,2.849999999999999645e+01
9.437901749216528469e-01,7.867165845489880460e-02,2.849999999999999645e+01
8.987305382433834477e-01,8.034139870413643802e-02,2.849999999999999645e+01
9.361906097649000946e-01,7.747443971258205497e-02,2.849999999999999645e+01
9.313141660895708496e-01,7.144838108563528190e-02,2.849999999999999645e+01
9.826357743962482738e-01,7.819610280606814623e-02,2.849999999999999645e+01
1.029724509051831660e+00,8.310229516561672136e-02,2.849999999999999645e+01
8.645121672183955219e-01,8.061504315145000266e-02,2.849999999999999645e+01
8.308223381635650995e-01,8.023147541780815961e-02,2.849999999999999645e+01
9.858713389941684557e-01,7.556349932555045390e-02,2.849999999999999645e+01
1.024313554076023980e+00,7.883415465356116703e-02,2.849999999999999645e+01
8.175544398530020240e-01,7.947558293604631285e-02,2.849999999999999645e+01
8.991520583984734527e-01,8.355930278346052065e-02,2.849999999999999645e+01
9.168064200790759788e-01,8.388438516841209558e-02,2.849999999999999645e+01
9.536274938399388335e-01,7.937024760039344817e-02,2.849999999999999645e+01
9.605713976284888655e-01,7.964318219339322491e-02,2.849999999999999645e+01
9.680390922769944728e-01,8.430926975387689759e-02,2.849999999999999645e+01
8.980978686598869443e-01,7.725925451897001917e-02,2.849999999999999645e+01
9.273102482949880931e-01,8.072945612883912492e-02,2.849999999999999645e+01
9.791591308926496096e-01,8.065890193481410619e-02,2.849999999999999645e+01
9.699006675849690673e-01,8.634239608082325268e-02,2.849999999999999645e+01
1.031418265023554381e+00,8.733538149486555491e-02,2.849999999999999645e+01
8.420345099521806542e-01,8.041004978779829615e-02,2.849999999999999645e+01
9.787171176662571304e-01,8.090800879547323243e-02,2.849999999999999645e+01
9.249088667918550222e-01,8.415871518940080953e-02,2.849999999999999645e+01
1.077646923161804660e+00,8.169179567227290162e-02,2.849999999999999645e+01
1.043594492254366957e+00,8.396083710767844599e-02,2.849999999999999645e+01
8.951807109983854760e-01,8.549898786312157273e-02,2.849999999999999645e+01
1.042504103222777090e+00,8.618307330016825030e-02,2.849999999999999645e+01
9.715420629125378627e-01,8.517502395873520482e-02,2.849999999999999645e+01
1.055822071734434875e+00,8.718784336745283303e-02,2.849999999999999645e+01
8.848889126402316174e-01,7.770384158063695090e-02,2.849999999999999645e+01
9.905251505964314251e-01,8.044700074540730994e-02,2.849999999999999645e+01
1.008389178042127021e+00,7.710492406437058355e-02,2.849999999999999645e+01
1.075905028340680136e+00,7.932114021707814544e-02,2.849999999999999645e+01
9.228240495696107271e-01,8.512002779440026867e-02,2.849999999999999645e+01
8.814017620466982894e-01,8.188984602238198740e-02,2.849999999999999645e+01
1.016442283451308493e+00,8.419450090101249229e-02,2.849999999999999645e+01
1.042234446827352334e+00,8.157643428272612351e-02,2.849999999999999645e+01
1.051836524286862362e+00,8.052558871283703457e-02,2.849999999999999645e+01
1.019892332362552390e+00,8.111303000389961937e-02,2.849999999999999645e+01
8.618238759988047226e-01,8.281824564395864896e-02,2.849999999999999645e+01
1.046721557123956980e+00,7.603004345140347564e-02,2.849999999999999645e+01
8.639416737845411198e-01,7.686059632017724907e-02,2.849999999999999645e+01
8.989853276851006436e-01,8.253623483049948861e-02,2.849999999999999645e+01
9.203119073180957566e-01,8.314375723466518875e-02,2.849999999999999645e+01
1.013231697456550062e+00,7.740180456784735707e-02,2.849999999999999645e+01
9.888386303511600417e-01,8.144468170098898008e-02,2.849999999999999645e+01
9.245472114367891958e-01,8.481854196175236948e-02,2.849999999999999645e+01
8.760326057522286325e-01,8.134892201220290942e-02,2.849999999999999645e+01
9.579591479998113002e-01,8.101320113901898379e-02,2.849999999999999645e+01
9.068113867406615292e-01,8.602065314911548632e-02,2.849999999999999645e+01
8.572999464927901769e-01,7.434959684824453408e-02,2.849999999999999645e+01
1.097650206099216819e+00,9.107262983596929595e-02,2.849999999999999645e+01
9.762677540575291912e-01,8.719956008731728769e-02,2.849999999999999645e+01
9.386987896957539323e-01,7.701095639745961230e-02,2.849999999999999645e+01
1.002313151851065509e+00,7.881034138803987010e-02,2.849999999999999645e+01
1.053433881018728258e+00,7.997939441042657693e-02,2.849999999999999645e+01
9.403234575102034087e-01,7.650045627169815843e-02,2.849999999999999645e+01
9.159556190988223934e-01,8.028432440440583240e-02,2.849999999999999645e+01
9.962391320479724310e-01,8.025384178489329556e-02,2.849999999999999645e+01
1.007299415446500701e+00,8.325419087844222743e-02,2.849999999999999645e+01
1.051578098437632836e+00,8.092931422447348366e-02,2.849999999999999645e+01
9.444600778699810961e-01,8.414967694931201059e-02,2.849999999999999645e+01
8.619291650517392211e-01,8.188335582721530115e-02,2.849999999999999645e+01
9.989698336019846581e-01,7.253309133141998266e-02,2.849999999999999645e+01
9.117188360161194716e-01,7.949373385824196059e-02,2.849999999999999645e+01
9.523853449804172699e-01,8.315030027010442137e-02,2.849999999999999645e+01
9.556167797525939589e-01,8.570063515515786989e-02,2.849999999999999645e+01
8.842333368590695741e-01,8.061133971728448588e-02,2.849999999999999645e+01
9.736892575359067381e-01,8.409428232547716542e-02,2.849999999999999645e+01
1.000055409979406562e+00,8.364280818739712464e-02,2.849999999999999645e+01
8.952538727121784889e-01,8.263748885334759597e-02,2.849999999999999645e+01
1.003328302765701840e+00,8.399098776888321016e-02,2.849999999999999645e+01
1.086577799905625419e+00,8.136691699568021630e-02,2.849999999999999645e+01
9.785323248819692843e-01,8.054961653049079462e-02,2.849999999999999645e+01
9.010326560112342786e-01,8.146461603646694416e-02,2.849999999999999645e+01
1.016297267485199773e+00,8.106751224791691746e-02,2.849999999999999645e+01
8.962100220562010389e-01,7.867940092858680123e-02,2.849999999999999645e+01
1.032533752378703262e+00,8.079644027703543341e-02,2.849999999999999645e+01
9.403515935282829030e-01,8.308836852210084445e-02,2.849999999999999645e+01
1.066625425763213286e+00,8.076776880393966851e-02,2.849999999999999645e+01
9.832303660897191433e-01,7.722352767865586776e-02,2.849999999999999645e+01
1.048929138855193566e+00,8.934298777947223547e-02,2.849999999999999645e+01
1.007583155313287460e+00,7.864551933226637814e-02,2.849999999999999645e+01
9.590076271017727860e-01,8.357238829516515366e-02,2.849999999999999645e+01
9.434123816833797083e-01,7.518794112633324367e-02,2.849999999999999645e+01
9.136530860299365564e-01,7.999085763689825490e-02,2.849999999999999645e+01
1.042228072740281064e+00,8.499406990153632324e-02,2.849999999999999645e+01
1.093442342342019424e+00,8.793179437241809004e-02,2.849999999999999645e+01
9.258644326156239002e-01,8.566109085957319957e-02,2.849999999999999645e+01
9.392379187169163091e-01,8.170273988794987674e-02,2.849999999999999645e+01
1.059721558103445815e+00,8.304977346618369616e-02,2.849999999999999645e+01
9.765376541200021521e-01,8.106798923810600022e-02,2.849999999999999645e+01
8.901404866201556576e-01,7.896158806792730189e-02,2.849999999999999645e+01
9.122504710491559088e-01,8.098104956404958421e-02,2.849999999999999645e+01
9.754580355052340224e-01,8.019749765413092257e-02,2.849999999999999645e+01
9.080199508702326838e-01,7.843121677709147255e-02,2.849999999999999645e+01
1.158887848839719847e+00,8.237295210125220035e-02,2.849999999999999645e+01
9.164597721956537768e-01,8.015674311124335039e-02,2.849999999999999645e+01
9.213620274187356296e-01,7.727771138986495869e-02,2.849999999999999645e+01
1.071450875207564657e+00,8.123766728856582353e-02,2.849999999999999645e+01
8.978378945887550699e-01,7.956944841818237857e-02,2.849999999999999645e+01
9.429464898591741751e-01,8.098806213474631088e-02,2.849999999999999645e+01
9.821971859893520174e-01,8.410664351838036124e-02,2.849999999999999645e+01
9.678967451262553423e-01,7.963091698303413624e-02,2.849999999999999645e+01
1.130256050508252397e+00,7.719015895413088024e-02,2.849999999999999645e+01
9.320436550158643918e-01,8.344960997821690429e-02,2.849999999999999645e+01
9.195140694159175121e-01,7.475006749805028494e-02,2.849999999999999645e+01
9.451302506866424702e-01,8.518738195846337069e-02,2.849999999999999645e+01
9.715175645102427371e-01,7.386821214034619554e-02,2.849999999999999645e+01
1.039471516936789408e+00,7.685607822372853004e-02,2.849999999999999645e+01
9.368288230225590985e-01,8.542045438683527891e-02,2.849999999999999645e+01
9.061424066740726424e-01,7.391798124192075492e-02,2.849999999999999645e+01
9.063520446731212488e-01,7.748049972255902085e-02,2.849999999999999645e+01
9.293006436766271250e-01,7.809769092710051874e-02,2.849999999999999645e+01
9.531693291594729445e-01,7.548930425421718216e-02,2.849999999999999645e+01
8.602939926623999201e-01,8.549640706975795978e-02,2.849999999999999645e+01
9.730398120205551171e-01,8.311917373437049950e-02,2.849999999999999645e+01
1.009589279115712834e+00,8.339472396221239703e-02,2.849999999999999645e+01
9.506608782238870070e-01,7.926305627914753682e-02,2.849999999999999645e+01
9.662330706774902023e-01,7.478564572786972064e-02,2.849999999999999645e+01
1.024216248100850102e+00,8.456602314121318409e-02,2.849999999999999645e+01
8.440821161902873904e-01,7.957126531347791243e-02,2.849999999999999645e+01
1.010588650797376475e+00,8.469219937158589673e-02,2.849999999999999645e+01
1.087109855834218930e+00,7.829669812462984602e-02,2.849999999999999645e+01
9.304816696746748272e-01,7.872860600929817987e-02,2.849999999999999645e+01
9.401873027405660554e-01,7.350865213147908528e-02,2.849999999999999645e+01
9.228299440256029218e-01,8.942948390861259200e-02,2.849999999999999645e+01
9.322852809751048797e-01,8.327917631500994511e-02,2.849999999999999645e+01
1.045210246357810568e+00,7.559926432424744769e-02,2.849999999999999645e+01
8.638325511121248690e-01,8.414327084001772816e-02,2.849999999999999645e+01
9.609902213973525731e-01,8.375727935557861215e-02,2.849999999999999645e+01
8.181843853814101397e-01,7.991568832872826544e-02,2.849999999999999645e+01
9.101110230860979255e-01,8.417903955502621660e-02,2.849999999999999645e+01
9.334282409052001572e-01,8.021236927340090472e-02,2.849999999999999645e+01
9.360677545527490429e-01,7.707668439924664217e-02,2.849999999999999645e+01
9.231732611175408332e-01,7.379710827973481879e-02,2.849999999999999645e+01
9.470115201928946957e-01,8.140458864346318546e-02,2.849999999999999645e+01
1.003309423989797500e+00,7.955117475987523445e-02,2.849999999999999645e+01
1.073554196947891670e+00,7.916081328137385131e-02,2.849999999999999645e+01
1.044833187240740813e+00,7.966954622102756511e-02,2.849999999999999645e+01
9.612792752653892547e-01,7.936311271376431109e-02,2.849999999999999645e+01
9.075832591383244941e-01,7.570005093256547413e-02,2.849999999999999645e+01
9.688366630595039997e-01,8.182173108274350126e-02,2.849999999999999645e+01
9.729289934836716780e-01,8.055752334453741836e-02,2.849999999999999645e+01
8.951671131154315120e-01,8.083497424721533542e-02,2.849999999999999645e+01
8.534026518717650056e-01,7.991352609161346543e-02,2.849999999999999645e+01
8.921944801429827487e-01,8.120712890230677439e-02,2.849999999999999645e+01
1.050935964512438980e+00,7.896940688071553416e-02,2.849999999999999645e+01
8.364375550246903046e-01,8.371166092978017670e-02,2.849999999999999645e+01
9.781090097305046305e-01,7.944409325179213610e-02,2.849999999999999645e+01
1.053104291111790491e+00,8.313932185419120602e-02,2.849999999999999645e+01
1.044992865502180956e+00,8.086004238083958906e-02,2.849999999999999645e+01
8.893783151885515936e-01,7.925537644518639013e-02,2.849999999999999645e+01
8.773892356325270203e-01,8.770917207149078743e-02,2.849999999999999645e+01
9.894685766183337616e-01,8.016416343070552342e-02,2.849999999999999645e+01
8.596968191878220367e-01,8.200759922834056914e-02,2.849999999999999645e+01
9.559673739392553493e-01,7.886563578624397608e-02,2.849999999999999645e+01
9.694883902902071693e-01,8.797864725534997044e-02,2.849999999999999645e+01
9.774120182824436176e-01,8.275976318825110922e-02,2.849999999999999645e+01
1.059732872402465720e+00,8.217295272460913014e-02,2.849999999999999645e+01
9.919647296103321077e-01,7.773501197379355243e-02,2.849999999999999645e+01
1.055099109065974483e+00,8.214965684582031802e-02,2.849999999999999645e+01
9.532844086763937463e-01,8.327433517484049419e-02,2.849999999999999645e+01
1.043187909994092610e+00,7.598531097858710059e-02,2.849999999999999645e+01
9.414624735938965649e-01,7.557667077974271341e-02,2.849999999999999645e+01
9.113529465331466906e-01,8.478535116642410552e-02,2.849999999999999645e+01
9.906472591986096310e-01,8.476637708493181544e-02,2.849999999999999645e+01
1.028220119462478932e+00,7.515023548306051793e-02,2.849999999999999645e+01
9.829772917421845113e-01,7.784240386055991945e-02,2.849999999999999645e+01
9.183756375123302007e-01,8.455783780458148158e-02,2.849999999999999645e+01
9.802857627416321495e-01,8.352447291443347577e-02,2.849999999999999645e+01
9.231888142767421535e-01,7.683783291145307448e-02,2.849999999999999645e+01
9.264043242906724318e-01,8.620215664134153744e-02,2.849999999999999645e+01
1.023064948134085217e+00,8.180656479959648453e-02,2.849999999999999645e+01
9.084283747545341958e-01,8.036298201991082246e-02,2.849999999999999645e+01
9.505842383639272475e-01,7.676706048001853688e-02,2.849999999999999645e+01
9.003026164997456338e-01,8.659917808121934957e-02,2.849999999999999645e+01
1.057489542770522428e+00,8.781326402923894658e-02,2.849999999999999645e+01
9.317654959343569798e-01,8.860791649964511185e-02,2.849999999999999645e+01
9.839135195651764754e-01,7.673678531520856938e-02,2.849999999999999645e+01
9.140356313226171148e-01,7.729400733874046414e-02,2.849999999999999645e+01
1.005650098255330027e+00,8.454535002158612700e-02,2.849999999999999645e+01
9.392451159259515014e-01,7.579802154995994579e-02,2.849999999999999645e+01
9.475522509427797280e-01,8.353140270253014976e-02,2.849999999999999645e+01
9.559218350699232314e-01,7.581716654166194280e-02,2.849999999999999645e+01
1.001144554966205025e+00,8.848926676874427355e-02,2.849999999999999645e+01
1.009029208124670340e+00,8.080408979255500335e-02,2.849999999999999645e+01
9.999201387810245922e-01,8.350712195487160205e-02,2.849999999999999645e+01
9.308093271504059851e-01,8.387830094821212279e-02,2.849999999999999645e+01
8.468715407958756769e-01,7.785677024079490360e-02,2.849999999999999645e+01
8.955683771391019787e-01,7.784801538477247040e-02,2.849999999999999645e+01
1.000014124654380332e+00,8.280211961404036758e-02,2.849999999999999645e+01
8.533927002961442243e-01,8.654667417185386846e-02,2.849999999999999645e+01
9.617385919458810717e-01,8.167621101662572713e-02,2.849999999999999645e+01
1.079609510388696458e+00,7.872954339817272995e-02,2.849999999999999645e+01
1.047373741187899165e+00,7.229535897887089113e-02,2.849999999999999645e+01
9.876621379516180577e-01,7.952667497084404957e-02,2.849999999999999645e+01
9.811501516574666626e-01,7.786618502362269156e-02,2.849999999999999645e+01
1.001254974533036357e+00,7.017727264705278523e-02,2.849999999999999645e+01
1.050733853527747730e+00,8.373301424021356576e-02,2.849999999999999645e+01
1.043060952024615684e+00,8.316148847658273724e-02,2.849999999999999645e+01
8.603617449786876703e-01,8.095892871508057753e-02,2.849999999999999645e+01
9.639627662260281671e-01,8.245644070160888794e-02,2.849999999999999645e+01
9.075786658444533472e-01,8.089535230743107042e-02,2.849999999999999645e+01
8.775807013229918185e-01,7.900525099214272817e-02,2.849999999999999645e+01
1.023746217504311273e+00,7.994981328760492056e-02,2.849999999999999645e+01
9.733984903430956681e-01,8.484463665992365844e-02,2.849999999999999645e+01
9.210333524361287161e-01,8.065405806348327489e-02,2.849999999999999645e+01
9.193967533434048711e-01,8.753027994261633471e-02,2.849999999999999645e+01
9.708870855919606857e-01,8.059153263464301220e-02,2.849999999999999645e+01
8.185436237417527128e-01,8.337456006402527153e-02,2.849999999999999645e+01
1.012768042193675999e+00,8.206977228596826213e-02,2.849999999999999645e+01
9.749682681078152280e-01,8.476431299946669828e-02,2.849999999999999645e+01
9.170819017026071718e-01,7.623132850828452656e-02,2.849999999999999645e+01
9.311854409857247550e-01,8.830789263306208781e-02,2.849999999999999645e+01
9.305774067054362053e-01,7.971699315640050354e-02,2.849999999999999645e+01
8.688716806401347581e-01,7.337116737975642178e-02,2.849999999999999645e+01
9.280833491954803005e-01,8.056208773023480763e-02,2.849999999999999645e+01
9.783910437363858570e-01,8.850377002186513020e-02,2.849999999999999645e+01
8.879894860046501082e-01,8.042430104590980733e-02,2.849999999999999645e+01
1.013053734244368620e+00,7.919462856392261996e-02,2.849999999999999645e+01
8.926235926826554534e-01,8.354344378204926758e-02,2.849999999999999645e+01
9.430818256119417597e-01,7.627038682021067273e-02,2.849999999999999645e+01
9.394440115750762876e-01,7.716994364169833809e-02,2.849999999999999645e+01
1.106562089024206497e+00,8.521442299675925647e-02,2.849999999999999645e+01
8.173337456269771373e-01,8.559394391780850153e-02,2.849999999999999645e+01
9.409045680687004864e-01,8.061536629504591212e-02,2.849999999999999645e+01
1.041216575874303718e+00,8.045831924415249026e-02,2.849999999999999645e+01
9.350717362518464748e-01,8.225633096874529482e-02,2.849999999999999645e+01
8.822365495148116743e-01,8.181831124219585138e-02,2.849999999999999645e+01
8.114507929425788246e-01,8.295033298701132152e-02,2.849999999999999645e+01
8.900460908221738965e-01,8.146588135924086316e-02,2.849999999999999645e+01
9.172592211015316854e-01,8.405442540178045818e-02,2.849999999999999645e+01
9.611078602125685544e-01,8.195022479117265723e-02,2.849999999999999645e+01
9.974021641569049690e-01,7.795543282763089943e-02,2.849999999999999645e+01
1.002621819195598007e+00,7.704718777795267759e-02,2.849999999999999645e+01
9.132335152294699387e-01,8.417293850261460542e-02,2.849999999999999645e+01
1.007672215284286743e+00,7.982202905129870407e-02,2.849999999999999645e+01
9.851925884417975787e-01,7.942683362364853783e-02,2.849999999999999645e+01
8.961665798440145991e-01,8.075525635638218513e-02,2.849999999999999645e+01
1.047215935241914364e+00,8.294286103888552641e-02,2.849999999999999645e+01
1.037013600840971161e+00,7.776889778631775052e-02,2.849999999999999645e+01
9.453074836207755460e-01,8.107139597892905336e-02,2.849999999999999645e+01
7.967666900407488484e-01,7.976926629307172500e-02,2.849999999999999645e+01
1.027113624119814883e+00,8.025341416429519759e-02,2.849999999999999645e+01
8.936658720042004456e-01,8.578250562929813638e-02,2.849999999999999645e+01
9.908157364174275950e-01,8.011912878678810468e-02,2.849999999999999645e+01
8.002635861461533384e-01,8.260186342216059574e-02,2.849999999999999645e+01
9.935913423644858744e-01,8.857511182910382530e-02,2.849999999999999645e+01
9.199974623700039045e-01,9.375864062114158681e-02,2.849999999999999645e+01
8.401609463059382943e-01,7.705151716033688258e-02,2.849999999999999645e+01
8.331596822115214795e-01,8.203777197192681225e-02,2.849999999999999645e+01
9.412014897137378489e-01,7.772729134989897481e-02,2.849999999999999645e+01
9.252214959809446082e-01,8.603219914605116092e-02,2.849999999999999645e+01
1.051687863427608560e+00,7.819478034692020629e-02,2.849999999999999645e+01
9.685740157261345518e-01,8.004086982664959660e-02,2.849999999999999645e+01
7.762129110790665365e-01,7.509787601391390566e-02,2.849999999999999645e+01
8.663114443673742837e-01,7.951009511435645771e-02,2.849999999999999645e+01
8.789845288549120728e-01,8.441502229186570450e-02,2.849999999999999645e+01
9.640736308637878338e-01,7.780355368952472650e-02,2.849999999999999645e+01
9.593601711341311900e-01,7.797295962872713426e-02,2.849999999999999645e+01
9.396431260831594745e-01,8.541331423280590363e-02,2.849999999999999645e+01
8.614858447611409842e-01,8.299384180937029176e-02,2.849999999999999645e+01
1.143772368603250822e+00,8.120640090286736223e-02,2.849999999999999645e+01
9.175432164755464859e-01,7.326599113839708799e-02,2.849999999999999645e+01
9.792645881830970289e-01,8.601933442150536124e-02,2.849999999999999645e+01
9.626661375760838801e-01,8.118777862186100924e-02,2.849999999999999645e+01
9.198204749707220573e-01,7.956410001540628607e-02,2.849999999999999645e+01
1.096922474642705314e+00,7.935938648925926209e-02,2.849999999999999645e+01
9.300128279850787827e-01,8.564564919455476544e-02,2.849999999999999645e+01
9.743591938947144815e-01,8.031797574065327461e-02,2.849999999999999645e+01
9.816914044093993930e-01,7.746759603904716796e-02,2.849999999999999645e+01
9.427514776038150579e-01,7.792063626136878918e-02,2.849999999999999645e+01
1.058304914990832124e+00,8.482402322464276112e-02,2.849999999999999645e+01
9.405003184921126858e-01,7.532444544716312973e-02,2.849999999999999645e+01
9.572850970120353464e-01,8.251367492426593675e-02,2.849999999999999645e+01
1.002083073233215771e+00,7.553636163016093363e-02,2.849999999999999645e+01
1.010087175055639497e+00,8.405325512761077644e-02,2.849999999999999645e+01
9.733439978519133895e-01,8.091721467861548445e-02,2.849999999999999645e+01
1.121011180328066237e+00,7.532701811143505122e-02,2.849999999999999645e+01
1.038941795140829294e+00,7.787687898668736730e-02,2.849999999999999645e+01
9.089313225427665399e-01,8.132899355749401149e-02,2.849999999999999645e+01
9.633373898684064462e-01,8.063287936606496065e-02,2.849999999999999645e+01
9.761639756621720565e-01,8.668648820200886007e-02,2.849999999999999645e+01
9.583191316510527580e-01,8.307691544811847406e-02,2.849999999999999645e+01
9.631343897524001774e-01,7.322155808396089982e-02,2.849999999999999645e+01
1.069933094640920679e+00,8.094952105754241178e-02,2.849999999999999645e+01
9.513609828057396633e-01,8.077198108052935366e-02,2.849999999999999645e+01
8.956231642550396277e-01,8.629082116363161192e-02,2.849999999999999645e+01
1.100487454681484900e+00,8.045871560280166979e-02,2.849999999999999645e+01
9.025320392269121639e-01,8.434468628020205805e-02,2.849999999999999645e+01
9.726128510355542822e-01,7.843999394049050444e-02,2.849999999999999645e+01
8.323767483510572385e-01,8.138851575445248121e-02,2.849999999999999645e+01
1.000925588510397368e+00,8.506079043407928364e-02,2.849999999999999645e+01
9.894742040695834184e-01,7.606589583490186435e-02,2.849999999999999645e+01
8.740482850631225986e-01,7.934139042063093061e-02,2.849999999999999645e+01
1.009515692814317633e+00,8.522038212189271544e-02,2.849999999999999645e+01
9.999768067578012065e-01,8.080372049203261853e-02,2.849999999999999645e+01
1.023871661873439587e+00,8.026992095136860350e-02,2.849999999999999645e+01
9.809844315212721266e-01,8.752492800079615665e-02,2.849999999999999645e+01
8.923420125843856132e-01,8.395805258525383674e-02,2.849999999999999645e+01
9.333162886955506110e-01,8.698056980347369793e-02,2.849999999999999645e+01
9.300367610333672985e-01,8.354233328868986008e-02,2.849999999999999645e+01
9.377837256241828845e-01,7.665448007150030274e-02,2.849999999999999645e+01
9.068795471741815106e-01,8.061999615654226459e-02,2.849999999999999645e+01
9.361857455499311698e-01,8.030457600048611366e-02,2.849999999999999645e+01
9.419408191436674516e-01,8.221628396052357846e-02,2.849999999999999645e+01
9.717409310947278112e-01,7.640922454995691115e-02,2.849999999999999645e+01
9.348196183524115632e-01,8.219169668384303240e-02,2.849999999999999645e+01
1.040429633580620461e+00,8.001579675625129784e-02,2.849999999999999645e+01
9.292762069739900488e-01,8.601802190305557483e-02,2.849999999999999645e+01
9.998528435061977415e-01,7.249833239249878214e-02,2.849999999999999645e+01
1.070971224115229381e+00,7.895738387545854498e-02,2.849999999999999645e+01
1.007875638392045303e+00,8.602619596915997424e-02,2.849999999999999645e+01
9.366425870925518815e-01,8.226062745646751939e-02,2.849999999999999645e+01
9.308519104009743694e-01,8.220140159112833411e-02,2.849999999999999645e+01
9.178709340878447032e-01,8.413550177708491173e-02,2.849999999999999645e+01
9.836432788876785516e-01,7.785021059880929684e-02,2.849999999999999645e+01
9.097282701208719846e-01,7.701508618521321625e-02,2.849999999999999645e+01
9.870207138770339395e-01,8.003122343712569531e-02,2.849999999999999645e+01
9.566248037597230303e-01,7.939483269891833839e-02,2.849999999999999645e+01
9.487303234362468585e-01,7.885918635805137800e-02,2.849999999999999645e+01
9.285382233968318966e-01,7.755601049072760600e-02,2.849999999999999645e+01
9.359062307866424790e-01,8.608866125737249519e-02,2.849999999999999645e+01
1.127084039406395899e+00,8.174477198455054605e-02,2.849999999999999645e+01
9.568131531513180965e-01,8.555612642984078420e-02,2.849999999999999645e+01
1.029063974547402172e+00,8.362025847074802676e-02,2.849999999999999645e+01
9.408053688306794449e-01,8.116698565096445994e-02,2.849999999999999645e+01
9.169141753118025262e-01,7.598006452838028391e-02,2.849999999999999645e+01
9.183514221682904655e-01,8.150489429074025960e-02,2.849999999999999645e+01
9.882289796179298813e-01,8.496115745641424910e-02,2.849999999999999645e+01
9.449350267746126075e-01,8.263551823147310960e-02,2.849999999999999645e+01
9.145143510573536805e-01,8.251338648396112918e-02,2.849999999999999645e+01
8.887053880700845898e-01,7.648676222354207355e-02,2.849999999999999645e+01
1.100200022436587322e+00,7.798582121715327831e-02,2.849999999999999645e+01
9.834719954783950335e-01,8.436050954697285609e-02,2.849999999999999645e+01
1.017519830114482771e+00,9.119046550867644652e-02,2.849999999999999645e+01
8.051996098818186010e-01,7.998421044687920034e-02,2.849999999999999645e+01
9.803506007755818930e-01,7.997728975312022592e-02,2.849999999999999645e+01
8.700402399181946800e-01,8.103621890149251272e-02,2.849999999999999645e+01
9.768613372805990958e-01,7.626859156268646356e-02,2.849999999999999645e+01
1.013059046065977853e+00,8.715664916059953637e-02,2.849999999999999645e+01
1.000400194428795464e+00,8.146204167022774723e-02,2.849999999999999645e+01
9.859453573801555404e-01,7.980894975951753623e-02,2.849999999999999645e+01
9.684122862982147417e-01,8.468960309939531361e-02,2.849999999999999645e+01
1.048238784086491071e+00,8.283193529905980013e-02,2.849999999999999645e+01
1.024944894708512022e+00,8.560682734035847397e-02,2.849999999999999645e+01
9.412144320313682311e-01,8.400707986478408995e-02,2.849999999999999645e+01
8.440208513872257123e-01,8.225347214373532334e-02,2.849999999999999645e+01
1.018288520067400560e+00,8.075271041470626077e-02,2.849999999999999645e+01
9.211222336685441769e-01,8.122260045358647984e-02,2.849999999999999645e+01
8.584160258720467951e-01,8.544951663882206783e-02,2.849999999999999645e+01
9.573725279742035799e-01,7.998880033873592699e-02,2.849999999999999645e+01
9.286128578053620686e-01,8.819265163164104193e-02,2.849999999999999645e+01
1.007772234524748178e+00,7.927487193884504013e-02,2.849999999999999645e+01
9.858713070004724299e-01,8.315904516849519090e-02,2.849999999999999645e+01
1.010237232069881363e+00,7.781208502406924965e-02,2.849999999999999645e+01
9.992756217766709526e-01,8.133465037736088699e-02,2.849999999999999645e+01
9.439179413945172348e-01,8.060363079055736513e-02,2.849999999999999645e+01
9.072839025862344808e-01,8.804650781600252551e-02,2.849999999999999645e+01
9.476397790063019189e-01,8.289167094491167731e-02,2.849999999999999645e+01
9.205755543995765011e-01,7.747416923062191985e-02,2.849999999999999645e+01
9.091353107429543945e-01,7.716889081079768287e-02,2.849999999999999645e+01
9.512705889717801844e-01,8.086613020628363735e-02,2.849999999999999645e+01
9.554148163761396750e-01,8.416060427318730608e-02,2.849999999999999645e+01
9.444378690352330796e-01,8.308886484190404487e-02,2.849999999999999645e+01
1.112768235181996745e+00,8.699045506404808059e-02,2.849999999999999645e+01
9.496133182984404231e-01,8.288048087074949277e-02,2.849999999999999645e+01
9.433802585897826942e-01,8.073955892163589554e-02,2.849999999999999645e+01
1.039015213674682414e+00,8.120591240127675303e-02,2.849999999999999645e+01
9.761140065989292181e-01,7.793886184296444641e-02,2.849999999999999645e+01
1.014509987573910532e+00,7.899686219088355998e-02,2.849999999999999645e+01
9.858342901341381470e-01,7.452021594186085396e-02,2.849999999999999645e+01
9.210564896242187105e-01,7.307464468539380531e-02,2.849999999999999645e+01
9.923838917490632738e-01,7.285834042860263315e-02,2.849999999999999645e+01
9.718573483396971691e-01,8.354147551940808991e-02,2.849999999999999645e+01
1.102132183766766138e+00,7.710609322147557454e-02,2.849999999999999645e+01
1.039110117062889360e+00,8.028171710612284906e-02,2.849999999999999645e+01
9.301310791243786458e-01,8.111334809269753199e-02,2.849999999999999645e+01
1.038421168405518902e+00,8.596842025659759412e-02,2.849999999999999645e+01
9.604758910993796972e-01,7.664632915349245401e-02,2.849999999999999645e+01
9.442248857072182977e-01,8.554557895607120543e-02,2.849999999999999645e+01
9.058142016430602572e-01,8.193951674451854794e-02,2.849999999999999645e+01
9.754571744812808864e-01,7.959472983027110482e-02,2.849999999999999645e+01
9.532753831967423208e-01,7.764654903286243026e-02,2.849999999999999645e+01
1.026297202713131851e+00,9.140106163421250762e-02,2.849999999999999645e+01
1.003251229072126272e+00,7.952165505617669883e-02,2.849999999999999645e+01
1.123695593122326031e+00,8.058451109384184852e-02,2.849999999999999645e+01
9.789402452388383802e-01,8.473565453622708410e-02,2.849999999999999645e+01
9.320363580609385412e-01,7.924889454694465651e-02,2.849999999999999645e+01
1.051778053304864624e+00,8.473480238203220938e-02,2.849999999999999645e+01
9.677436079267840441e-01,7.795779227879502671e-02,2.849999999999999645e+01
9.368134876190812310e-01,7.942284317844140740e-02,2.849999999999999645e+01
9.241267902217861208e-01,8.378964697622563740e-02,2.849999999999999645e+01
9.582831018392160560e-01,7.817185640619234155e-02,2.849999999999999645e+01
8.886575834658887452e-01,7.843076562677470109e-02,2.849999999999999645e+01
9.418056275410894296e-01,7.950660002936532633e-02,2.849999999999999645e+01
8.726828078818813506e-01,8.185051400664673793e-02,2.849999999999999645e+01
9.964698491592072216e-01,8.153022415879376816e-02,2.849999999999999645e+01
9.189846321359104175e-01,8.099622026523062290e-02,2.849999999999999645e+01
9.425610555133873136e-01,8.103662968714336889e-02,2.849999999999999645e+01
1.082186990860064091e+00,7.716981061197075720e-02,2.849999999999999645e+01
9.600121822496260338e-01,7.949554959567030343e-02,2.849999999999999645e+01
9.325733784692722406e-01,7.900226921398724456e-02,2.849999999999999645e+01
9.272252390120049315e-01,8.437727990918393595e-02,2.849999999999999645e+01
8.078304184780370489e-01,7.886920143529858873e-02,2.849999999999999645e+01
1.014967286962933368e+00,8.037535337311813022e-02,2.849999999999999645e+01
9.731619588796853737e-01,7.712513604519281862e-02,2.849999999999999645e+01
9.064844758162048377e-01,8.033960120594886567e-02,2.849999999999999645e+01
8.860717235515761514e-01,8.630292242812175052e-02,2.849999999999999645e+01
1.000948859457383655e+00,7.751485280891189100e-02,2.849999999999999645e+01
9.897365479382349562e-01,7.856629865705211380e-02,2.849999999999999645e+01
1.173772192937313497e+00,7.488900181700554326e-02,2.849999999999999645e+01
1.054811870874665880e+00,8.433634293478403654e-02,2.849999999999999645e+01
7.798566845193688479e-01,8.002100397478384419e-02,2.849999999999999645e+01
9.672387077235279351e-01,8.180952495693812054e-02,2.849999999999999645e+01
9.663901703321069458e-01,7.810008814312907610e-02,2.849999999999999645e+01
9.071324146260093535e-01,8.267027607750034035e-02,2.849999999999999645e+01
8.655497780153439402e-01,8.002174597203552675e-02,2.849999999999999645e+01
1.018873522769932594e+00,8.446155833715764116e-02,2.849999999999999645e+01
1.020848968179137728e+00,7.798410198379569780e-02,2.849999999999999645e+01
9.894441025057443273e-01,7.601108630814029654e-02,2.849999999999999645e+01
8.992982188354846640e-01,8.070235757387939080e-02,2.849999999999999645e+01
9.849069733274024019e-01,8.000434390937484486e-02,2.849999999999999645e+01
1.138535775265557826e+00,7.169740958158950239e-02,2.849999999999999645e+01
9.393694832825139063e-01,7.991858205761015466e-02,2.849999999999999645e+01
9.845259217269149987e-01,7.641198684292023480e-02,2.849999999999999645e+01
9.794174833488180631e-01,8.606047438802018335e-02,2.849999999999999645e+01
9.158191706913630936e-01,8.363674951087061993e-02,2.849999999999999645e+01
8.360245601874030097e-01,8.418429744826445849e-02,2.849999999999999645e+01
9.515149260592130620e-01,7.911536316306265471e-02,2.849999999999999645e+01
8.930008646468374778e-01,8.015253628436735944e-02,2.849999999999999645e+01
1.021648225959698175e+00,7.534259847803138899e-02,2.849999999999999645e+01
9.510086899504102131e-01,7.678255617836828029e-02,2.849999999999999645e+01
8.548667789534666328e-01,7.192358118782200826e-02,2.849999999999999645e+01
9.735087513327749242e-01,7.613358798715673392e-02,2.849999999999999645e+01
9.731736559315510293e-01,8.047984983235781375e-02,2.849999999999999645e+01
9.275276033970292211e-01,8.592644738825831741e-02,2.849999999999999645e+01
1.094853175312434201e+00,8.172117993902665301e-02,2.849999999999999645e+01
1.017695421227497343e+00,8.425467575714770674e-02,2.849999999999999645e+01
1.011138020454408259e+00,8.403449824615738528e-02,2.849999999999999645e+01
9.735580023441895436e-01,7.840168551977826084e-02,2.849999999999999645e+01
8.384034495252424835e-01,9.095352592696037686e-02,2.849999999999999645e+01
9.177812406619575425e-01,8.104792633356536213e-02,2.849999999999999645e+01
9.014502354283474572e-01,7.951999859439608243e-02,2.849999999999999645e+01
9.987640151509351583e-01,8.527759682258330420e-02,2.849999999999999645e+01
9.169878778521455276e-01,8.691961766969677483e-02,2.849999999999999645e+01
8.197302628176298400e-01,8.634473283580977598e-02,2.849999999999999645e+01
9.324933331341105358e-01,8.453625737504240345e-02,2.849999999999999645e+01
1.032029304863441022e+00,8.260094970911646683e-02,2.849999999999999645e+01
9.799522681486204645e-01,8.193578105413672208e-02,2.849999999999999645e+01
1.008295034932795042e+00,7.241931384519141590e-02,2.849999999999999645e+01
9.029104940065667551e-01,8.427191492046155752e-02,2.849999999999999645e+01
1.071767654892023636e+00,7.933763497204614212e-02,2.849999999999999645e+01
9.951840648357972441e-01,7.423493996160412944e-02,2.849999999999999645e+01
1.019009876211325771e+00,8.652536965720672435e-02,2.849999999999999645e+01
8.797914175295542538e-01,7.603764186508533973e-02,2.849999999999999645e+01
9.768058254203648705e-01,8.661343883316645342e-02,2.849999999999999645e+01
9.747253253234881010e-01,8.397767704254029131e-02,2.849999999999999645e+01
7.992457881479224646e-01,7.391935071089431042e-02,2.849999999999999645e+01
1.064933058214217798e+00,7.934161958369015388e-02,2.849999999999999645e+01
1.090408483863411826e+00,8.764059555147461766e-02,2.849999999999999645e+01
1.071456013213505365e+00,8.260951106819673651e-02,2.849999999999999645e+01
1.048103120268306432e+00,8.181671433142120864e-02,2.849999999999999645e+01
1.000894392055971860e+00,7.635537640160876272e-02,2.849999999999999645e+01
1.016833579630921580e+00,8.183073542748739437e-02,2.849999999999999645e+01
9.411166350019527505e-01,8.198889989699356673e-02,2.849999999999999645e+01
7.502074038123598410e-01,8.005877137503472629e-02,2.849999999999999645e+01
8.449416824357254274e-01,7.836507513194521102e-02,2.849999999999999645e+01
9.511524591989365396e-01,7.824990278871830907e-02,2.849999999999999645e+01
1.117805890175704864e+00,7.674740366511384471e-02,2.849999999999999645e+01
1.027536840764837311e+00,8.642945866651036146e-02,2.849999999999999645e+01
1.003214489338051907e+00,8.699186884436646561e-02,2.849999999999999645e+01
7.280760481162719122e-01,8.206156642852907579e-02,2.849999999999999645e+01
8.469286158523067209e-01,8.019661510430677043e-02,2.849999999999999645e+01
9.024018053457143473e-01,7.654043875383771678e-02,2.849999999999999645e+01
9.866750663526607790e-01,8.284147377008474478e-02,2.849999999999999645e+01
9.040712560899841765e-01,7.096845318268103775e-02,2.849999999999999645e+01
1.065556033060424346e+00,8.429917321439910072e-02,2.849999999999999645e+01
9.812311465399733423e-01,8.646009523390572882e-02,2.849999999999999645e+01
8.717916219593394578e-01,8.179922123531159495e-02,2.849999999999999645e+01
9.724245507198848726e-01,8.791092941511792491e-02,2.849999999999999645e+01
9.615089450377952707e-01,7.846932063289034642e-02,2.849999999999999645e+01
9.969062475219371278e-01,7.454073911944129882e-02,2.849999999999999645e+01
9.514636701596859147e-01,8.136660730455794188e-02,2.849999999999999645e+01
8.553486290870384590e-01,8.438754772533534065e-02,2.849999999999999645e+01
9.153534901112323485e-01,8.147542113902896121e-02,2.849999999999999645e+01
1.020368757037116714e+00,8.031009798311043724e-02,2.849999999999999645e+01
9.644516190194279970e-01,8.756941683163875501e-02,2.849999999999999645e+01
1.025644353470557268e+00,8.325864090189628863e-02,2.849999999999999645e+01
1.015106131335369755e+00,7.650533681923391005e-02,2.849999999999999645e+01
9.529408496237191661e-01,8.238847166109222742e-02,2.849999999999999645e+01
1.004757753125058439e+00,8.263258565773992648e-02,2.849999999999999645e+01
9.441287909893942842e-01,8.118902072378927914e-02,2.849999999999999645e+01
8.803383407997594778e-01,7.477563063440889612e-02,2.849999999999999645e+01
1.027993241636408817e+00,8.384927831497678008e-02,2.849999999999999645e+01
9.513930690595703288e-01,8.358326455040897274e-02,2.849999999999999645e+01
9.177346890220056119e-01,7.806327031445295384e-02,2.849999999999999645e+01
9.133017624590502592e-01,8.146188687897576441e-02,2.849999999999999645e+01
9.319583084803343409e-01,7.644732891860389623e-02,2.849999999999999645e+01
9.216190987201947626e-01,8.919790110134864780e-02,2.849999999999999645e+01
8.851727432273399643e-01,7.593763676637081683e-02,2.849999999999999645e+01
1.059750964371483750e+00,7.994574962674719232e-02,2.849999999999999645e+01
8.175662833984032041e-01,7.760264974916182557e-02,2.849999999999999645e+01
1.046696311560713077e+00,8.277696518170887807e-02,2.849999999999999645e+01
9.254586079675216626e-01,8.104992048943586436e-02,2.849999999999999645e+01
9.951358664550411515e-01,8.062922554544436904e-02,2.849999999999999645e+01
9.842312811511111370e-01,8.474269654912801319e-02,2.849999999999999645e+01
9.491610256845904869e-01,7.674211552117383983e-02,2.849999999999999645e+01
1.011677589988273729e+00,8.364655321127624499e-02,2.849999999999999645e+01
1.009758706316681298e+00,7.875962805039306291e-02,2.849999999999999645e+01
1.054039257685941866e+00,7.690625074990893595e-02,2.849999999999999645e+01
9.268922817952097715e-01,8.383771715850381334e-02,2.849999999999999645e+01
9.647869332391827424e-01,8.535876547765391953e-02,2.849999999999999645e+01
8.771607505095265767e-01,8.416868624225855300e-02,2.849999999999999645e+01
9.559032422932532969e-01,7.755509307446091516e-02,2.849999999999999645e+01
8.823709219140504212e-01,8.431656746537891101e-02,2.849999999999999645e+01
9.917678719016271849e-01,7.866686907662376327e-02,2.849999999999999645e+01
9.933697085139389094e-01,8.585691429838515631e-02,2.849999999999999645e+01
9.138855743818949939e-01,8.144900320838968644e-02,2.849999999999999645e+01
1.079909626494122810e+00,7.999724766991654634e-02,2.849999999999999645e+01
9.657256759278873837e-01,8.635795511974531102e-02,2.849999999999999645e+01
1.004742723770423396e+00,7.662395051476778018e-02,2.849999999999999645e+01
1.035402977894704923e+00,7.976992063937937694e-02,2.849999999999999645e+01
1.056392137647622187e+00,7.720183410050077133e-02,2.849999999999999645e+01
1.083871387291534649e+00,8.413981816890563070e-02,2.849999999999999645e+01
1.055299064528613773e+00,7.576300057419012302e-02,2.849999999999999645e+01
9.498449798767515384e-01,8.085119045408123428e-02,2.849999999999999645e+01
9.629518141160238187e-01,8.060029442500754593e-02,2.849999999999999645e+01
9.287181962283079795e-01,8.262530299998616101e-02,2.849999999999999645e+01
9.653447800758860886e-01,7.974307950160500202e-02,2.849999999999999645e+01
1.000992456272155051e+00,8.020625815593936114e-02,2.849999999999999645e+01
9.008471933317255820e-01,8.053470224600436933e-02,2.849999999999999645e+01
8.338408058674765533e-01,7.928426335991158036e-02,2.849999999999999645e+01
7.195200516294855131e-01,7.732819463036465224e-02,2.849999999999999645e+01
9.598587301512978565e-01,8.664081378430812941e-02,2.849999999999999645e+01
9.179195004560466442e-01,8.463716125703060755e-02,2.849999999999999645e+01
1.031976107509009255e+00,8.019362448654200615e-02,2.849999999999999645e+01
9.967442658736882510e-01,7.915004606328290837e-02,2.849999999999999645e+01
1.065444048757751228e+00,8.204342704753658788e-02,2.849999999999999645e+01
9.423406126443980568e-01,8.755927813706354534e-02,2.849999999999999645e+01
1.048948363474084600e+00,7.580434586112849704e-02,2.849999999999999645e+01
9.994601570146066649e-01,7.990738457422300045e-02,2.849999999999999645e+01
9.708177280842741341e-01,8.612496390014656722e-02,2.849999999999999645e+01
9.090598266418087325e-01,8.120355674635379439e-02,2.849999999999999645e+01
1.022970842518548640e+00,7.388131341320586243e-02,2.849999999999999645e+01
9.165774720071944159e-01,9.099524607682309141e-02,2.849999999999999645e+01
1.061657169378709353e+00,8.023026921303116898e-02,2.849999999999999645e+01
9.720527994946841499e-01,8.375659589992325016e-02,2.849999999999999645e+01
9.482164532727537232e-01,8.348774783307445768e-02,2.849999999999999645e+01
9.450264185515648840e-01,8.075643304183657833e-02,2.849999999999999645e+01
8.850584192663917271e-01,8.829318130066585169e-02,2.849999999999999645e+01
9.387046833185479500e-01,9.092649585426670900e-02,2.849999999999999645e+01
9.222628790688105482e-01,7.741150972393434637e-02,2.849999999999999645e+01
8.708878492913555425e-01,7.750033779473360085e-02,2.849999999999999645e+01
9.190103780800972233e-01,8.130262621506814669e-02,2.849999999999999645e+01
9.407038004974351830e-01,8.743455564137567193e-02,2.849999999999999645e+01
1.048081967688263560e+00,8.256733315399568396e-02,2.849999999999999645e+01
9.601956533641338165e-01,8.026900676053352890e-02,2.849999999999999645e+01
9.957124478994373584e-01,7.643341792458359374e-02,2.849999999999999645e+01
9.239248480130628494e-01,7.816038587520857117e-02,2.849999999999999645e+01
9.178684764040785371e-01,7.933863558653032888e-02,2.849999999999999645e+01
8.571381001328439719e-01,7.469451888204134415e-02,2.849999999999999645e+01
9.857411834385336746e-01,8.028388900479714596e-02,2.849999999999999645e+01
9.297744834477638110e-01,8.417123379224984714e-02,2.849999999999999645e+01
9.932499246233578161e-01,7.965548691106313917e-02,2.849999999999999645e+01
9.374810717155054318e-01,8.060379056120733909e-02,2.849999999999999645e+01
9.128237973683747120e-01,8.085357910174603702e-02,2.849999999999999645e+01
1.052113054450871221e+00,7.934816498546787278e-02,2.849999999999999645e+01
9.484215584277039257e-01,8.151615077252390151e-02,2.849999999999999645e+01
9.384970745604820364e-01,8.691146619993597722e-02,2.849999999999999645e+01
9.595482624113631509e-01,8.131665156845979681e-02,2.849999999999999645e+01
9.287809644888348481e-01,8.657511363618643208e-02,2.849999999999999645e+01
9.385303095329615708e-01,8.820299959192745565e-02,2.849999999999999645e+01
1.052440295271001913e+00,8.514753215894708960e-02,2.849999999999999645e+01
1.042759440916617208e+00,7.778805756752819878e-02,2.849999999999999645e+01
8.848406362422848170e-01,7.631433514804653040e-02,2.849999999999999645e+01
8.351050786969086426e-01,7.669753017259269001e-02,2.849999999999999645e+01
9.313751983279268121e-01,7.712390203013359813e-02,2.849999999999999645e+01
9.207140154135045051e-01,7.615201692464522443e-02,2.849999999999999645e+01
9.543576753900263610e-01,7.844968609034158602e-02,2.849999999999999645e+01
9.193529704721700169e-01,7.642672858256734092e-02,2.849999999999999645e+01
9.661453260985544134e-01,8.016109449446696955e-02,2.849999999999999645e+01
1.077116284161604653e+00,8.141986457223755747e-02,2.849999999999999645e+01
9.952937209657310991e-01,8.077911156046892194e-02,2.849999999999999645e+01
8.851007595862603328e-01,7.981534290995669079e-02,2.849999999999999645e+01
9.846821223634123488e-01,8.569334560583245775e-02,2.849999999999999645e+01
9.932131404606358016e-01,8.351636389219030399e-02,2.849999999999999645e+01
9.611205232764267192e-01,7.863036374930486294e-02,2.849999999999999645e+01
9.674704994107210521e-01,8.069670587654910465e-02,2.849999999999999645e+01
8.887662696505930215e-01,8.171820149728045712e-02,2.849999999999999645e+01
8.728608640327847334e-01,7.912500504252968636e-02,2.849999999999999645e+01
8.805939354739357183e-01,8.156646856320001748e-02,2.849999999999999645e+01
8.816414801356264874e-01,7.790424444667266857e-02,2.849999999999999645e+01
1.068677810598910982e+00,8.224566564969799931e-02,2.849999999999999645e+01
9.332020903714911553e-01,7.611772017760194686e-02,2.849999999999999645e+01
8.781701609340157866e-01,8.167801229597924928e-02,2.849999999999999645e+01
8.997075312236462175e-01,8.040134369119611435e-02,2.849999999999999645e+01
1.035668994376408580e+00,7.472049783600749617e-02,2.849999999999999645e+01
9.351040259767080531e-01,8.618873867830688373e-02,2.849999999999999645e+01
9.476353434121683739e-01,8.670236718709291301e-02,2.849999999999999645e+01
9.225876347860905158e-01,7.954251715657720267e-02,2.849999999999999645e+01
1.146642960626753860e+00,8.277455363935407040e-02,2.849999999999999645e+01
1.013916788621658238e+00,8.361165398493859702e-02,2.849999999999999645e+01
1.008058624648162649e+00,8.627849223373575127e-02,2.849999999999999645e+01
9.809030971430207080e-01,8.065125308357411205e-02,2.849999999999999645e+01
1.019559247935178048e+00,7.679969834757617575e-02,2.849999999999999645e+01
1.050899621311901067e+00,7.596795032003139658e-02,2.849999999999999645e+01
9.742450080681389624e-01,7.964993209647801276e-02,2.849999999999999645e+01
9.548091757709588068e-01,7.963541893996355092e-02,2.849999999999999645e+01
1.036060938710818613e+00,8.005342792129364893e-02,2.849999999999999645e+01
9.911829225397752463e-01,8.768953312975609482e-02,2.849999999999999645e+01
9.589046354003621930e-01,8.401890446158973014e-02,2.849999999999999645e+01
9.574755478926212371e-01,8.174333835632395517e-02,2.849999999999999645e+01
1.005899778271415190e+00,7.294234966549122123e-02,2.849999999999999645e+01
9.061779347969135534e-01,8.312427485073135836e-02,2.849999999999999645e+01
1.018999349716522396e+00,8.029197520186194537e-02,2.849999999999999645e+01
8.628564946024578353e-01,7.806042902009603657e-02,2.849999999999999645e+01
8.150893987233680527e-01,8.135896503186218487e-02,2.849999999999999645e+01
1.143309103207445832e+00,7.853757509808492743e-02,2.849999999999999645e+01
1.107220242048187586e+00,8.400544853591961070e-02,2.849999999999999645e+01
8.319582259275732916e-01,7.655933189028354957e-02,2.849999999999999645e+01
8.179187913630624474e-01,7.762426157088973822e-02,2.849999999999999645e+01
1.023292510764073571e+00,7.756411148815225975e-02,2.849999999999999645e+01
9.379855016277843793e-01,7.962982445617650118e-02,2.849999999999999645e+01
9.691922752277393194e-01,8.327674061817871842e-02,2.849999999999999645e+01
9.863955505622145070e-01,7.910898618415189432e-02,2.849999999999999645e+01
9.799240591670542733e-01,7.905662639226145039e-02,2.849999999999999645e+01
9.574263507825483410e-01,8.556165452611402822e-02,2.849999999999999645e+01
9.595134039852958319e-01,8.169858023141855774e-02,2.849999999999999645e+01
